"Título","Página"
"GUARDAUVOS DE PEDRA REDONA, DE CAQUI NO LLADRA I D'HOMO ROIG","1"
"EN PERE DE SA COCA","49"
"ES PORT DE SA CIBOLLA BLANCA 39","59"
"EN PERE POCA POR.","77"
"ES SOLDADET DE SA MOTXILLA","97"
"LA POMARRINA","109"
"EN PERE TORT","117"
"SA FIA DEL SOL I DE LA LLUNA","140"
"L'AMO DESO-NA-MOIXA","166"
"LA PRINCESA BELLA","174"
"ES FII DES PESCADOR","198"
"LA FLOR ROMANIAL","229"
"EN GOSTÍ LLADRE","241"
"TRES GERMANS DESXONDITS","263"
"SA COMTESSA SENSA BRAÇOS","270"
"ES POAL FLORIT","284"
"ES REIM DEL REI-MORO AMB SET PAMS DE MORRO","288"
